-- MySQL dump 10.13  Distrib 8.0.42, for Win64 (x86_64)
--
-- Host: localhost    Database: test_database
-- ------------------------------------------------------
-- Server version	5.5.5-10.4.32-MariaDB

/*!40101 SET @OLD_CHARACTER_SET_CLIENT=@@CHARACTER_SET_CLIENT */;
/*!40101 SET @OLD_CHARACTER_SET_RESULTS=@@CHARACTER_SET_RESULTS */;
/*!40101 SET @OLD_COLLATION_CONNECTION=@@COLLATION_CONNECTION */;
/*!50503 SET NAMES utf8mb4 */;
/*!40103 SET @OLD_TIME_ZONE=@@TIME_ZONE */;
/*!40103 SET TIME_ZONE='+00:00' */;
/*!40014 SET @OLD_UNIQUE_CHECKS=@@UNIQUE_CHECKS, UNIQUE_CHECKS=0 */;
/*!40014 SET @OLD_FOREIGN_KEY_CHECKS=@@FOREIGN_KEY_CHECKS, FOREIGN_KEY_CHECKS=0 */;
/*!40101 SET @OLD_SQL_MODE=@@SQL_MODE, SQL_MODE='NO_AUTO_VALUE_ON_ZERO' */;
/*!40111 SET @OLD_SQL_NOTES=@@SQL_NOTES, SQL_NOTES=0 */;

--
-- Table structure for table `product`
--

DROP TABLE IF EXISTS `product`;
/*!40101 SET @saved_cs_client     = @@character_set_client */;
/*!50503 SET character_set_client = utf8mb4 */;
CREATE TABLE `product` (
  `id` int(11) NOT NULL AUTO_INCREMENT,
  `name` varchar(100) DEFAULT NULL,
  `description` text DEFAULT NULL,
  `category` varchar(50) DEFAULT NULL,
  `created_at` datetime DEFAULT NULL,
  PRIMARY KEY (`id`)
) ENGINE=InnoDB AUTO_INCREMENT=101 DEFAULT CHARSET=utf8mb4 COLLATE=utf8mb4_general_ci;
/*!40101 SET character_set_client = @saved_cs_client */;

--
-- Dumping data for table `product`
--

LOCK TABLES `product` WRITE;
/*!40000 ALTER TABLE `product` DISABLE KEYS */;
INSERT INTO `product` VALUES (1,'Political Group Matrix End-To-End Action-Items','Least onto hot huge kitchen. Own it instead early responsibility among. Into then me nature type animal finish.','Electronics','2023-12-14 14:37:59'),(2,'Already PLC Aggregate Vertical Niches','How determine audience property town candidate carry. Free marriage southern radio positive difference decade. Thought special unit record but base believe.','Software','2022-12-12 02:30:02'),(3,'Player LLC Incentivize Best-Of-Breed E-Services','Fly no where western third. Stock society usually almost.','Sports & Outdoors','2025-01-26 23:47:44'),(4,'Decision PLC Target Dynamic Mindshare','Win environmental but create. Describe turn drive involve. Animal hot effort according threat partner. Mr though character hour.','Home Goods','2023-03-15 11:20:36'),(5,'Over LLC Visualize Leading-Edge Synergies','Look ground door would budget source. Happy boy fight.','Jewelry','2023-10-30 11:14:11'),(6,'Grow Group Morph Front-End Convergence','Respond Mrs couple would. Industry serious man to. Right during bad size guess boy order. Mouth medical outside address consumer social. Husband three possible consumer size reduce.','Jewelry','2025-01-04 09:05:49'),(7,'Billion Group Morph Distributed Networks','On yourself probably improve turn.','Toys & Games','2022-11-25 11:17:57'),(8,'Collection and Sons Matrix E-Business Niches','Commercial international cause oil over town. Challenge sea tax full explain city.','Electronics','2024-03-19 09:35:23'),(9,'Day Ltd Expedite 24/7 E-Business','Year boy forward size. Teacher prove nation plan see.','Automotive','2023-09-27 10:26:00'),(10,'Price PLC Visualize Proactive Experiences','Central stay family option dark now military. Scene vote degree blue evidence as just. Citizen other spend free resource year to. Sport paper talk again sound student.','Jewelry','2025-01-27 22:07:43'),(11,'Congress PLC Evolve Innovative Interfaces','Strategy hotel author drug. Certain herself fund enough Congress particular the.','Electronics','2023-03-21 02:45:25'),(12,'Head LLC Iterate Robust Markets','Stop standard safe bring. Our blood if chair history method check. Study development season arrive scene get yard. Leg safe dinner one maintain. Television design management look.','Automotive','2024-07-21 14:20:52'),(13,'Good PLC Visualize Collaborative E-Tailers','Always get wait edge big avoid. Them door environment ground key new.','Beauty','2025-03-15 06:14:30'),(14,'About and Sons Mesh Leading-Edge Content','Machine experience something because upon.','Automotive','2023-01-01 13:46:57'),(15,'Fight and Sons Streamline Leading-Edge Content','Stage sell service once two rich boy. And family company yes summer.','Software','2022-11-05 20:47:50'),(16,'Take Group Enable Revolutionary E-Business','Series describe from four alone. Yard discover approach different after simple. Theory find east bed represent real. Around finish board. Task manage two reflect.','Garden','2024-05-30 16:01:15'),(17,'Much Group Harness Value-Added E-Services','Certainly those tax expect impact drive.','Automotive','2022-08-13 16:52:05'),(18,'Organization Group Integrate Dynamic Action-Items','Community event million international direction news. Then system fight share. Whole activity week true direction interesting.','Automotive','2023-09-13 21:07:31'),(19,'Consumer LLC Re-Intermediate Enterprise Partnerships','Difference artist art care third thank describe. Source test hospital write. It stay employee.','Pet Supplies','2024-05-28 19:39:23'),(20,'Draw and Sons Synthesize Cross-Platform Web Services','Sense would which explain north organization. End call white.','Sports & Outdoors','2023-02-21 10:24:49'),(21,'Medical and Sons Disintermediate Virtual Synergies','Usually body all behind. Chance break role bag home. Plan nor result character rise.','Automotive','2024-05-12 10:19:25'),(22,'Its Ltd Exploit Frictionless Technologies','Mr age think education conference natural. Practice natural but by trial. South mean general nearly should. Increase sound enough. Develop ahead can laugh the green side. Letter call yeah.','Jewelry','2024-06-29 02:46:39'),(23,'Training PLC Expedite Granular Architectures','Dinner choose determine affect anything process because hit.','Pet Supplies','2025-06-09 06:38:27'),(24,'Quality Ltd Harness 24/365 Systems','Enter television social enter card week ahead. Least open manager strategy individual local. Expert project time message.','Software','2024-05-05 17:20:51'),(25,'Question Group Evolve Bleeding-Edge Niches','Almost goal so system area activity most.','Health & Wellness','2023-09-13 14:08:26'),(26,'Television LLC Mesh End-To-End Applications','Beat federal heart laugh stuff phone particularly. Increase stand easy father. Its their seat fight. Building each by. Staff whatever town deep head. Field past up back nice Congress surface.','Beauty','2023-02-16 01:28:38'),(27,'Threat Group Optimize User-Centric Convergence','Behavior director TV generation then above. Article few toward cultural. Never walk final pull nature scientist design natural. Member different day leg. Remain Republican miss computer message yes policy price. Administration tend carry miss happy.','Health & Wellness','2023-02-13 12:53:14'),(28,'Create and Sons Envisioneer Customized Markets','Without night mind. Music community rather on money. Military wind success however bad discuss manager. New contain ready above public citizen method.','Home Goods','2025-06-30 00:18:58'),(29,'Box LLC Unleash World-Class Technologies','Technology officer speak avoid open game majority far. Drug point address turn bar imagine wall.','Books','2025-04-13 18:28:03'),(30,'Design and Sons Cultivate Open-Source Interfaces','Western experience box method radio area cold. Expect exactly above benefit arm discussion government at. Present often material lot. Growth game drug international.','Pet Supplies','2025-03-08 02:18:37'),(31,'Fill LLC Deploy Scalable Web-Readiness','Generation exactly group own cover increase traditional. While recognize which down each. Reach baby involve no ahead attention early.','Electronics','2025-04-25 05:50:40'),(32,'Probably PLC Synthesize Robust Architectures','Season show argue which eight someone suffer. Range watch wind more table represent western research. Something receive news yeah operation grow less.','Books','2023-12-15 00:50:22'),(33,'Community Ltd Incentivize Clicks-And-Mortar Functionalities','Rich if doctor guy too. Debate today major agreement traditional prove. Indeed song stand strong animal politics market.','Jewelry','2024-12-08 07:03:41'),(34,'Site and Sons Incentivize Customized E-Business','Attention loss cover. Product church notice protect price.','Health & Wellness','2024-08-04 10:11:39'),(35,'Enjoy Inc Disintermediate Web-Enabled Schemas','Commercial career travel claim stuff carry over. Drug wrong as reason character especially later.','Beauty','2023-12-20 10:16:18'),(36,'Any Inc Enable Cross-Platform Eyeballs','Present vote than off character true life loss. Cell administration good someone street source boy room.','Food & Beverage','2024-08-26 00:01:38'),(37,'Daughter Ltd Engineer Compelling Infrastructures','His blood partner each risk man. Positive increase into involve page evidence work. Change also keep apply a about body. Group he office join rock.','Health & Wellness','2023-11-23 22:16:01'),(38,'Project LLC Target Open-Source Communities','Goal take write never money. Seat trade yard benefit side trial side. Lawyer citizen wait its church reveal enjoy. Worker half show after himself example realize.','Jewelry','2024-10-09 04:58:49'),(39,'Significant Group Seize Interactive Functionalities','During theory child wide plan only top. Stuff become lose agreement range. Treatment way sing. Trade hope hour traditional responsibility through final. Raise expect total let raise six. Animal look people involve along.','Beauty','2024-06-25 09:07:01'),(40,'Loss Group Innovate Global Portals','Attack product school really. Home single their discussion owner notice.','Electronics','2023-02-14 13:40:55'),(41,'Live Ltd Disintermediate B2C Networks','This foot here seem animal. Style heavy each sister fund majority view. Meeting defense product hear. Break test market natural level time who. Yes guess let prepare.','Clothing','2023-11-30 03:34:12'),(42,'Quickly LLC Transform Scalable Technologies','One PM safe center third us sometimes.','Pet Supplies','2022-09-12 08:10:05'),(43,'Send PLC Embrace Dynamic Applications','Most artist role present someone school three. Hair agree which heart.','Garden','2023-03-14 16:12:20'),(44,'Task LLC Deploy Wireless Technologies','Off myself wear successful level play. Edge turn other.','Pet Supplies','2023-06-18 12:24:10'),(45,'Knowledge Group Evolve User-Centric Systems','Provide also statement decision. Sing loss history community rock consumer fill work.','Garden','2024-11-21 08:16:19'),(46,'Fire Ltd Monetize Seamless E-Markets','Skin anything movie anyone on analysis. Mind behind read sit save contain. Country religious never notice daughter idea wind.','Food & Beverage','2024-06-30 14:57:06'),(47,'Carry Ltd Drive Visionary Metrics','Drug rate brother movie author kid three time. Entire detail land start. Knowledge action middle campaign white. Need can dark field back. Shake vote loss sing. Friend he serve under treatment skin responsibility.','Beauty','2022-12-01 21:01:19'),(48,'What Ltd Productize Turn-Key E-Commerce','Follow morning hour toward edge deal. Pretty buy past bill agree recent. Describe reach back degree century save interest. Former blue officer through several road.','Books','2023-01-18 17:00:30'),(49,'Statement Group Aggregate Web-Enabled Deliverables','Will spend beat argue central hospital.','Automotive','2025-03-17 00:39:31'),(50,'Relationship LLC Extend Frictionless E-Services','Usually when home note. Pick late middle minute. Pressure media son important. Different mean threat dinner. Above knowledge western specific toward. Live gun expert second vote know.','Toys & Games','2023-08-03 23:41:59'),(51,'Turn Group Whiteboard Real-Time Web Services','Tell drive food air. Pass take question boy involve behavior first. Artist my six listen it. Mission miss exist skill culture.','Software','2023-09-14 21:25:11'),(52,'For PLC Benchmark Enterprise Info-Mediaries','Visit get tree quality watch. Relate police too various fish something plan every. Sit month company environmental base major.','Toys & Games','2023-03-10 01:06:52'),(53,'Many LLC Grow Compelling Roi','Drop series stay military determine explain night realize. There important would movie computer. Message growth forward hold instead determine. Company year finally design mother perform.','Electronics','2023-04-30 13:58:05'),(54,'Place Ltd Seize B2B Info-Mediaries','Pressure lead live. Else attention ready rise structure physical. Popular south white protect worker president. Must despite certainly new.','Software','2024-09-12 03:20:03'),(55,'Enter Ltd Aggregate Extensible Schemas','Dream edge single. Of individual parent.','Electronics','2025-02-06 07:40:22'),(56,'Describe PLC Utilize Enterprise Web Services','Others much religious whom high. Behind know moment system family green.','Sports & Outdoors','2022-08-26 11:19:27'),(57,'Anything PLC Seize World-Class Communities','Goal they TV figure fly education goal. After whose again simple drop.','Sports & Outdoors','2025-04-12 23:48:43'),(58,'These PLC Architect Next-Generation Portals','Now mother include Mrs good brother pull. Listen would base step year quite generation.','Automotive','2023-11-13 12:39:20'),(59,'Option PLC Revolutionize 24/7 Methodologies','Half recent explain trade real. Nor change cover north. Feeling have teach country. Word Democrat heavy experience interesting shake she grow.','Beauty','2022-11-21 08:25:03'),(60,'Quite and Sons Scale Cross-Platform Web-Readiness','Civil majority film study. Reason citizen I answer majority bed help.','Jewelry','2022-08-16 19:48:36'),(61,'Language Ltd Empower Viral Functionalities','Fish create work cost sometimes. Exactly situation general hand. Boy simply thing tend quickly.','Books','2023-06-28 13:25:51'),(62,'Along PLC Disintermediate Collaborative E-Commerce','Quickly time television note blue. Guess soon not federal she avoid. Method television option coach unit past yeah maintain. Production project foot on report middle. Time morning develop.','Automotive','2022-11-01 00:01:50'),(63,'Unit Group Transition Frictionless Deliverables','Sound forget bed her fill your.','Software','2024-04-17 17:10:39'),(64,'Office Ltd Reinvent Enterprise Convergence','Reality could high spring. Report half its can party policy what. Think western industry. Including risk answer.','Food & Beverage','2023-03-25 20:32:10'),(65,'Some PLC Leverage Visionary Supply-Chains','Matter specific popular most. Maybe animal here.','Jewelry','2024-05-27 07:10:05'),(66,'Usually and Sons Maximize Cutting-Edge Interfaces','Clear game ground sense sometimes. Film shoulder example again sea quickly television. These structure region yet success.','Automotive','2025-02-27 09:17:16'),(67,'Figure PLC Embrace Interactive Technologies','Democrat partner in region. New ten water. Fast method believe attack tend hair hundred away. Enter trouble soon onto. Fine news stage finish talk experience.','Software','2024-08-12 06:16:35'),(68,'Thousand Group Unleash Open-Source Web-Readiness','Room house leader everybody brother teacher other. Still speak alone all join throw. Itself live occur military well very next.','Software','2025-04-13 06:40:16'),(69,'Maybe Group Incubate Killer Metrics','Certainly election give opportunity. Day arm full strong quite put. Food through modern store free happy pressure.','Garden','2023-10-28 05:19:17'),(70,'Hot PLC Monetize Interactive Models','Reality nothing still indicate would force. North popular often owner room. Including conference letter offer set. Baby language option cut. Better reality minute billion newspaper fight feel.','Garden','2024-09-18 00:54:14'),(71,'Note LLC Extend Cross-Platform Niches','She begin gun perform. Meeting change black include memory wear process south.','Clothing','2025-06-20 14:21:49'),(72,'Once Ltd Orchestrate Sticky Partnerships','Various once anything purpose member issue surface. Suffer truth not with south possible message.','Books','2025-06-30 02:52:16'),(73,'Local LLC Iterate Revolutionary Portals','Peace front discover mouth sit avoid among. Unit great live not. Little hold result test term test picture reality. Final American dinner raise.','Pet Supplies','2022-08-26 10:33:04'),(74,'Do LLC Extend Best-Of-Breed Communities','Per detail party issue white there. Table you fish why.','Clothing','2024-03-06 11:09:46'),(75,'Firm and Sons Synergize Cutting-Edge Interfaces','Environmental week able development writer decide. Ever language after manager.','Garden','2025-01-06 15:35:03'),(76,'Control LLC Engineer Dynamic E-Tailers','Manage heavy beautiful lay amount cup. Explain dinner director mission computer spend. Week local international traditional feeling. Responsibility worry improve Mr.','Automotive','2023-04-24 17:04:09'),(77,'Rise PLC Target End-To-End Initiatives','Himself push arm seem feeling rather arm. To his so close result town expect hair. Continue three hot respond mouth shoulder. Later place couple effect then continue young.','Clothing','2023-02-02 13:07:27'),(78,'Perhaps Group Envisioneer Efficient Schemas','Pull fish must. Kind yes team environment reality gas miss. Serious sell condition include order.','Jewelry','2024-06-20 07:27:52'),(79,'College and Sons Facilitate End-To-End Mindshare','These thank whatever. Throughout window ask five now task relationship. Feeling fight down put at. Issue join agency citizen put nor radio.','Health & Wellness','2023-07-03 16:09:47'),(80,'Professional Inc Extend Turn-Key Vortals','Yard themselves offer garden small ability road president.','Garden','2023-07-01 19:45:09'),(81,'Social LLC Engage Magnetic E-Commerce','Between send billion skin improve number rule fight. Page early since statement challenge him. Everything young whole growth pull property side. Course age research data already month garden.','Beauty','2023-04-16 18:53:15'),(82,'Within Ltd Redefine Frictionless Applications','Tv necessary probably. Only most certain within officer.','Automotive','2024-10-07 07:56:57'),(83,'Me Group Productize Leading-Edge Niches','Society everyone maintain cup. Sister drug some discussion thank and fight. Note see wife company turn yet. Play project type help sell. Save middle simply event simply child few. Offer administration member material.','Home Goods','2024-01-31 04:25:41'),(84,'Stop Group Seize Turn-Key Info-Mediaries','My author feel upon baby third blood tend.','Automotive','2024-10-21 12:12:30'),(85,'Bar Ltd Iterate Global Synergies','Sea wish least eat fall couple. Recent do case likely owner. Note shake grow behavior bed significant. Education task wide wife you.','Food & Beverage','2023-07-12 06:21:58'),(86,'Lose and Sons Streamline Out-Of-The-Box Networks','Become professor Democrat amount pick something plan. Fine score low put college morning. Night particular determine president me direction during mean. Across hotel day budget beat. Support line indicate well.','Pet Supplies','2023-05-21 17:00:15'),(87,'Month Ltd E-Enable Holistic Users','Away dog necessary dream surface buy. Themselves low federal method think how role. What read minute public. One away health better social evening still. South system throughout thought foreign apply project president.','Electronics','2024-03-01 01:59:35'),(88,'Couple LLC Brand E-Business Content','Prove project cause what include. Everything energy foreign past administration. Voice meet police between how. Argue military design camera outside student. Sense mouth interesting leg begin. Voice tough customer.','Home Goods','2023-09-06 15:58:34'),(89,'Girl and Sons Morph One-To-One Partnerships','Score fly blue situation sport tonight artist.','Clothing','2022-07-22 15:17:05'),(90,'Great Group Architect Real-Time Channels','Green board well way program. System stop next toward condition red put. Reflect themselves through check.','Pet Supplies','2023-09-18 04:25:38'),(91,'Professor and Sons Extend Rich Info-Mediaries','In control walk scientist four shake recognize. We generation item resource. Provide none follow statement thank response charge. Wall policy before up black world memory. Answer develop southern including former radio already behavior.','Clothing','2023-09-09 05:55:06'),(92,'Involve Inc Leverage Seamless Communities','Heavy some not push. Ability threat away especially leader purpose. While consumer until anything sport although. Final likely specific.','Home Goods','2023-05-06 02:07:07'),(93,'Occur and Sons Extend Killer Methodologies','Billion air yet feeling scientist resource.','Software','2023-11-30 18:43:17'),(94,'Court Group Morph Dynamic Solutions','Policy third not figure might.','Pet Supplies','2025-03-23 06:17:42'),(95,'All LLC Syndicate Vertical Info-Mediaries','Make several tend only three dog. Nearly film source learn your. Far board enter position.','Electronics','2022-11-06 05:13:22'),(96,'Art LLC Unleash Turn-Key Content','Continue mouth wait culture attack. However visit worry include civil drive reason. Time create summer stay moment. Small which skill letter voice result. Eat this wear instead shoulder.','Automotive','2022-12-20 17:26:32'),(97,'In PLC Re-Intermediate End-To-End Experiences','Agency each common they author.','Clothing','2023-10-10 02:56:31'),(98,'Alone Group Integrate One-To-One Infrastructures','Discover follow director thus another black owner. Thought central argue.','Electronics','2023-12-05 09:41:22'),(99,'Himself PLC Engineer Sticky Action-Items','Such like pay side shake grow. Job live water push.','Beauty','2024-02-21 03:29:48'),(100,'Individual and Sons Orchestrate Turn-Key Synergies','Everybody defense student road. Hotel position necessary themselves agent factor attack.','Garden','2025-06-19 02:16:54');
/*!40000 ALTER TABLE `product` ENABLE KEYS */;
UNLOCK TABLES;

--
-- Table structure for table `product_variant`
--

DROP TABLE IF EXISTS `product_variant`;
/*!40101 SET @saved_cs_client     = @@character_set_client */;
/*!50503 SET character_set_client = utf8mb4 */;
CREATE TABLE `product_variant` (
  `id` int(11) NOT NULL AUTO_INCREMENT,
  `product_id` int(11) DEFAULT NULL,
  `color` varchar(50) DEFAULT NULL,
  `size` varchar(50) DEFAULT NULL,
  `price` decimal(10,2) DEFAULT NULL,
  `stock_qty` int(11) DEFAULT NULL,
  PRIMARY KEY (`id`),
  KEY `product_id` (`product_id`),
  CONSTRAINT `product_variant_ibfk_1` FOREIGN KEY (`product_id`) REFERENCES `product` (`id`)
) ENGINE=InnoDB AUTO_INCREMENT=291 DEFAULT CHARSET=utf8mb4 COLLATE=utf8mb4_general_ci;
/*!40101 SET character_set_client = @saved_cs_client */;

--
-- Dumping data for table `product_variant`
--

LOCK TABLES `product_variant` WRITE;
/*!40000 ALTER TABLE `product_variant` DISABLE KEYS */;
INSERT INTO `product_variant` VALUES (1,1,'Black','US 10',605.87,279),(2,1,'Beige','One Size',636.32,747),(3,1,'Orange','32x32',446.92,230),(4,2,'Brown','XS',356.77,632),(5,2,'Silver','M',416.47,771),(6,2,'Orange','XL',151.12,502),(7,2,'Orange','L',601.34,883),(8,2,'Purple','One Size',297.12,871),(9,3,'Orange','US 7',700.32,976),(10,3,'Red','US 8',51.72,795),(11,3,'Brown','XXL',572.68,474),(12,4,'Blue','XS',556.24,399),(13,4,'Beige','L',624.05,934),(14,5,'Purple','US 9',436.16,620),(15,5,'Yellow','100ml',488.95,615),(16,6,'Black','S',167.22,772),(17,7,'Navy','30x30',295.91,660),(18,7,'Orange','US 8',575.45,480),(19,8,'Orange','M',708.27,74),(20,8,'Navy','50ml',706.19,78),(21,9,'Green','34x34',670.55,76),(22,9,'Gold','S',421.80,953),(23,9,'Green','US 9',239.58,888),(24,9,'Pink','XXL',321.56,154),(25,9,'White','XXL',703.28,369),(26,10,'Brown','XXL',486.20,811),(27,11,'Beige','US 11',34.43,512),(28,12,'Green','US 6',641.02,202),(29,12,'Red','32x32',189.81,739),(30,12,'Pink','30x30',606.09,575),(31,12,'Purple','One Size',223.24,137),(32,12,'Blue','100ml',593.54,116),(33,13,'Black','34x34',690.37,110),(34,14,'Yellow','M',576.13,617),(35,14,'Silver','XS',535.18,392),(36,14,'Gray','50ml',162.00,671),(37,14,'Gold','XL',484.61,482),(38,14,'Yellow','US 9',265.13,661),(39,15,'Blue','XXL',16.49,540),(40,15,'Gold','30x30',185.74,256),(41,15,'Brown','50ml',159.63,420),(42,15,'White','50ml',544.25,29),(43,16,'Red','S',413.64,746),(44,16,'Black','100ml',277.38,447),(45,16,'Yellow','XS',613.57,376),(46,17,'Pink','One Size',364.39,487),(47,17,'Pink','US 7',368.49,905),(48,17,'Pink','S',145.93,274),(49,17,'Red','34x34',127.09,606),(50,17,'Gray','30x30',727.07,984),(51,18,'Gold','S',232.36,512),(52,18,'Black','100ml',518.17,318),(53,18,'Purple','XXL',9.53,483),(54,18,'Navy','S',654.90,430),(55,18,'Silver','XS',88.16,955),(56,19,'Silver','XS',687.61,503),(57,19,'White','XS',521.93,831),(58,19,'Gray','50ml',652.72,672),(59,19,'Purple','US 10',740.34,391),(60,19,'Beige','S',214.10,511),(61,20,'Green','US 6',94.31,849),(62,21,'Beige','M',439.62,924),(63,21,'Gray','XS',708.42,771),(64,21,'Silver','XL',611.55,537),(65,21,'Blue','US 11',343.45,504),(66,21,'Beige','M',92.42,379),(67,22,'Brown','US 8',520.20,889),(68,22,'Orange','30x30',716.10,598),(69,22,'Purple','XS',573.80,46),(70,23,'Beige','US 10',604.91,710),(71,24,'Gray','L',523.07,219),(72,24,'Pink','100ml',398.14,991),(73,24,'Navy','US 8',749.69,754),(74,24,'Yellow','XL',586.09,169),(75,25,'Red','L',172.26,832),(76,25,'Brown','US 11',260.13,319),(77,25,'Black','XS',274.62,458),(78,25,'Yellow','US 10',697.04,65),(79,26,'Red','M',682.11,219),(80,27,'Orange','34x34',643.40,181),(81,27,'Green','One Size',319.00,365),(82,27,'Pink','US 6',499.46,64),(83,27,'White','M',126.27,885),(84,28,'Silver','One Size',258.51,730),(85,28,'Purple','100ml',648.53,360),(86,28,'White','US 9',43.24,378),(87,29,'Pink','XXL',706.20,780),(88,29,'Blue','US 10',425.83,990),(89,30,'Gold','XS',227.88,305),(90,31,'Gold','US 8',370.05,615),(91,32,'Purple','50ml',78.80,401),(92,33,'Purple','32x32',697.94,689),(93,33,'Navy','S',624.98,22),(94,33,'Orange','XL',624.45,328),(95,33,'Black','S',354.31,654),(96,34,'Gray','One Size',316.86,391),(97,34,'White','34x34',259.41,91),(98,35,'Purple','32x32',495.88,253),(99,36,'Beige','XL',48.71,650),(100,37,'Black','US 10',608.89,270),(101,37,'White','US 7',227.38,149),(102,38,'Green','US 11',338.02,148),(103,38,'Black','30x30',137.94,246),(104,38,'Green','34x34',302.06,722),(105,38,'Gold','US 10',585.79,534),(106,39,'Gray','US 10',178.68,149),(107,39,'Brown','US 9',88.45,283),(108,39,'Blue','100ml',395.78,367),(109,39,'Navy','34x34',513.54,300),(110,39,'Orange','One Size',583.19,441),(111,40,'Orange','L',524.35,812),(112,40,'Red','100ml',555.10,176),(113,40,'Gold','30x30',493.97,131),(114,40,'Gray','US 9',48.48,655),(115,40,'Gray','XL',292.81,640),(116,41,'Navy','One Size',628.52,672),(117,41,'Pink','50ml',129.55,728),(118,41,'Beige','US 11',161.10,732),(119,41,'Red','M',303.13,380),(120,42,'Navy','L',350.17,561),(121,42,'Purple','US 6',691.80,812),(122,42,'Gold','US 8',194.15,343),(123,43,'Gray','XS',301.06,247),(124,44,'Silver','50ml',512.68,637),(125,44,'Green','XS',386.80,323),(126,44,'Green','US 7',327.75,582),(127,44,'Red','34x34',232.78,881),(128,44,'Red','32x32',577.31,989),(129,45,'Blue','S',488.79,979),(130,45,'Silver','XS',563.48,719),(131,46,'Blue','US 9',559.79,974),(132,46,'Purple','US 6',308.25,937),(133,46,'Navy','34x34',175.69,135),(134,47,'Orange','100ml',408.09,49),(135,47,'Silver','S',438.85,991),(136,47,'Yellow','30x30',222.07,196),(137,47,'Red','50ml',287.25,753),(138,47,'Red','XXL',386.32,822),(139,48,'Blue','US 7',6.77,910),(140,48,'Yellow','XXL',534.73,54),(141,48,'Pink','US 10',607.28,133),(142,48,'Orange','L',549.84,492),(143,49,'White','S',551.50,420),(144,49,'Yellow','US 11',283.87,869),(145,50,'Pink','US 8',395.54,844),(146,51,'Brown','30x30',289.85,72),(147,51,'Purple','L',699.64,843),(148,51,'White','One Size',555.81,5),(149,51,'White','XL',44.44,630),(150,52,'Gold','S',79.43,817),(151,52,'Gray','One Size',403.91,53),(152,52,'Gray','XS',498.72,499),(153,53,'Green','US 7',486.63,981),(154,53,'Yellow','30x30',172.63,155),(155,53,'Silver','One Size',658.63,201),(156,53,'Gray','XXL',349.66,220),(157,53,'Blue','34x34',577.58,232),(158,54,'Gray','US 7',121.97,473),(159,54,'Yellow','US 10',113.54,765),(160,54,'Navy','XXL',368.19,594),(161,54,'Purple','US 10',242.42,842),(162,54,'Purple','US 7',276.08,808),(163,55,'Gold','One Size',669.68,40),(164,55,'Silver','US 9',252.59,595),(165,55,'Beige','L',31.45,952),(166,56,'Pink','34x34',266.83,964),(167,56,'Silver','XL',424.33,934),(168,56,'Gray','M',571.86,939),(169,57,'Orange','US 8',550.03,477),(170,58,'White','One Size',569.69,196),(171,59,'Black','34x34',520.24,300),(172,60,'Gold','34x34',324.62,131),(173,60,'Brown','50ml',321.08,54),(174,61,'Yellow','S',176.78,76),(175,61,'Silver','L',407.87,827),(176,62,'Blue','US 11',745.12,520),(177,63,'Beige','30x30',432.24,482),(178,63,'Red','US 10',727.62,614),(179,63,'Brown','M',489.41,58),(180,63,'Orange','L',331.14,698),(181,63,'Beige','XS',247.73,597),(182,64,'Green','50ml',689.60,673),(183,64,'Pink','M',319.46,195),(184,64,'Pink','100ml',466.33,241),(185,65,'Beige','US 9',636.06,725),(186,65,'Pink','L',434.04,689),(187,65,'Pink','XXL',633.22,204),(188,66,'Pink','US 9',745.61,513),(189,66,'Orange','L',571.60,895),(190,66,'Navy','XXL',604.56,95),(191,66,'White','One Size',738.82,349),(192,66,'Green','US 10',367.47,802),(193,67,'Brown','US 7',92.47,479),(194,67,'Silver','US 7',388.51,323),(195,67,'Purple','50ml',252.10,889),(196,67,'Navy','US 8',133.05,494),(197,67,'Green','One Size',510.32,424),(198,68,'Gold','US 6',645.62,385),(199,68,'Yellow','One Size',51.31,525),(200,69,'Gray','US 10',748.25,137),(201,69,'Blue','XS',710.21,21),(202,69,'Gray','US 9',51.92,125),(203,69,'Silver','US 8',707.02,541),(204,70,'Navy','XL',103.26,818),(205,70,'Orange','L',668.47,179),(206,70,'Orange','50ml',261.82,346),(207,70,'Beige','34x34',239.04,659),(208,70,'Yellow','S',64.23,31),(209,71,'Red','US 9',158.51,804),(210,72,'Red','US 11',11.94,943),(211,72,'Blue','XS',563.24,482),(212,72,'Gold','US 11',252.41,522),(213,73,'Red','100ml',161.75,862),(214,73,'Purple','XS',320.05,75),(215,73,'Green','US 8',437.11,566),(216,73,'Black','US 9',87.43,206),(217,73,'Black','US 11',641.10,462),(218,74,'Gold','US 10',101.89,865),(219,74,'Gray','30x30',26.20,210),(220,74,'Blue','XXL',525.29,65),(221,75,'Green','One Size',530.16,686),(222,75,'Orange','34x34',117.08,608),(223,75,'Brown','US 9',518.24,714),(224,75,'Yellow','S',499.10,709),(225,76,'Pink','US 8',97.74,695),(226,76,'Gray','XXL',243.12,534),(227,77,'Green','32x32',503.36,55),(228,77,'Red','S',121.98,350),(229,77,'Green','32x32',463.00,828),(230,77,'Gray','100ml',156.27,14),(231,77,'Gold','L',257.33,952),(232,78,'Yellow','XL',458.37,883),(233,78,'Gray','US 10',452.95,534),(234,79,'Brown','L',313.54,905),(235,80,'Blue','S',48.17,261),(236,80,'Gold','US 6',228.68,51),(237,80,'Brown','US 6',18.26,156),(238,80,'Red','US 6',122.47,314),(239,81,'Beige','50ml',734.18,230),(240,81,'Beige','US 11',153.41,834),(241,81,'Black','100ml',76.44,213),(242,82,'Blue','One Size',371.06,401),(243,82,'Blue','M',614.91,582),(244,82,'Gold','US 6',603.59,867),(245,83,'Silver','US 11',289.23,532),(246,83,'Black','US 10',176.68,331),(247,83,'Beige','S',634.65,152),(248,83,'Black','30x30',265.91,405),(249,84,'Gold','M',389.13,193),(250,84,'White','30x30',539.19,817),(251,85,'Gold','XXL',39.57,373),(252,85,'Blue','32x32',399.98,869),(253,85,'Silver','US 9',695.79,545),(254,85,'Silver','32x32',576.59,860),(255,86,'Blue','S',173.12,490),(256,86,'Brown','XL',325.18,136),(257,86,'Navy','US 6',101.22,906),(258,87,'Red','M',597.65,836),(259,87,'Green','100ml',430.85,579),(260,88,'Gray','US 6',21.37,443),(261,89,'Orange','L',239.74,329),(262,89,'Pink','S',517.70,968),(263,89,'Navy','32x32',690.24,597),(264,89,'Gray','L',125.49,898),(265,90,'Pink','100ml',511.78,272),(266,90,'Yellow','S',647.96,433),(267,91,'Orange','32x32',445.06,554),(268,92,'Beige','100ml',356.25,795),(269,92,'Navy','30x30',700.00,863),(270,92,'Brown','XXL',194.34,996),(271,92,'Blue','US 11',346.93,810),(272,92,'Yellow','34x34',565.36,622),(273,93,'Blue','XXL',654.45,774),(274,93,'Black','US 7',114.26,746),(275,93,'Blue','30x30',748.73,741),(276,93,'Red','US 8',590.48,517),(277,94,'Blue','50ml',215.06,219),(278,94,'Gray','US 9',554.63,347),(279,94,'Brown','100ml',607.26,389),(280,95,'Navy','XS',614.28,276),(281,95,'Green','S',167.05,386),(282,96,'Brown','US 10',504.36,133),(283,96,'Red','S',535.97,950),(284,96,'Purple','50ml',192.17,545),(285,97,'Blue','34x34',167.66,697),(286,97,'Brown','M',136.99,619),(287,98,'Green','One Size',504.35,174),(288,99,'Silver','US 9',635.95,845),(289,100,'Blue','L',6.82,174),(290,100,'Orange','US 9',729.77,603);
/*!40000 ALTER TABLE `product_variant` ENABLE KEYS */;
UNLOCK TABLES;

--
-- Table structure for table `stock_transaction`
--

DROP TABLE IF EXISTS `stock_transaction`;
/*!40101 SET @saved_cs_client     = @@character_set_client */;
/*!50503 SET character_set_client = utf8mb4 */;
CREATE TABLE `stock_transaction` (
  `id` int(11) NOT NULL AUTO_INCREMENT,
  `variant_id` int(11) DEFAULT NULL,
  `qty` int(11) DEFAULT NULL,
  `type` enum('in','out') DEFAULT NULL,
  `created_at` datetime DEFAULT NULL,
  PRIMARY KEY (`id`),
  KEY `variant_id` (`variant_id`),
  CONSTRAINT `stock_transaction_ibfk_1` FOREIGN KEY (`variant_id`) REFERENCES `product_variant` (`id`)
) ENGINE=InnoDB DEFAULT CHARSET=utf8mb4 COLLATE=utf8mb4_general_ci;
/*!40101 SET character_set_client = @saved_cs_client */;

--
-- Dumping data for table `stock_transaction`
--

LOCK TABLES `stock_transaction` WRITE;
/*!40000 ALTER TABLE `stock_transaction` DISABLE KEYS */;
/*!40000 ALTER TABLE `stock_transaction` ENABLE KEYS */;
UNLOCK TABLES;

--
-- Table structure for table `user`
--

DROP TABLE IF EXISTS `user`;
/*!40101 SET @saved_cs_client     = @@character_set_client */;
/*!50503 SET character_set_client = utf8mb4 */;
CREATE TABLE `user` (
  `id` int(11) NOT NULL AUTO_INCREMENT,
  `name` varchar(100) DEFAULT NULL,
  `email` varchar(100) DEFAULT NULL,
  `password` varchar(255) DEFAULT NULL,
  `role` enum('admin','staff','customer') DEFAULT NULL,
  `created_at` datetime DEFAULT NULL,
  PRIMARY KEY (`id`)
) ENGINE=InnoDB AUTO_INCREMENT=11 DEFAULT CHARSET=utf8mb4 COLLATE=utf8mb4_general_ci;
/*!40101 SET character_set_client = @saved_cs_client */;

--
-- Dumping data for table `user`
--

LOCK TABLES `user` WRITE;
/*!40000 ALTER TABLE `user` DISABLE KEYS */;
INSERT INTO `user` VALUES (1,'Thomas Stanley','leonardeduardo@example.org','d_(9E#iw!Q','admin','2025-07-20 16:04:48'),(2,'Joseph Lowe','rpage@example.com','rXROTfUo&4','staff','2025-07-20 16:04:48'),(3,'Christopher Rice','linda31@example.com','Sn4pSs&a*(','admin','2025-07-20 16:04:48'),(4,'Janet Booker','usullivan@example.org','uHPbmD!Q&4','customer','2025-07-20 16:04:48'),(5,'Maria Kennedy','tracy23@example.net','0k#0Io5k+D','admin','2025-07-20 16:04:48'),(6,'Tara Crawford','jerryyang@example.org','W6@l0oRuy_','customer','2025-07-20 16:04:48'),(7,'Laurie Crawford','hortonkrista@example.org','&6JZA0Kdoe','customer','2025-07-20 16:04:48'),(8,'Karen Scott','michael16@example.com','^ALaGWxk@3','staff','2025-07-20 16:04:48'),(9,'Samuel Glenn','ggarcia@example.org','l9NSPjhh+E','customer','2025-07-20 16:04:48'),(10,'Francisco Berry','courtneyflowers@example.com','L4phsJfC&h','admin','2025-07-20 16:04:48');
/*!40000 ALTER TABLE `user` ENABLE KEYS */;
UNLOCK TABLES;
/*!40103 SET TIME_ZONE=@OLD_TIME_ZONE */;

/*!40101 SET SQL_MODE=@OLD_SQL_MODE */;
/*!40014 SET FOREIGN_KEY_CHECKS=@OLD_FOREIGN_KEY_CHECKS */;
/*!40014 SET UNIQUE_CHECKS=@OLD_UNIQUE_CHECKS */;
/*!40101 SET CHARACTER_SET_CLIENT=@OLD_CHARACTER_SET_CLIENT */;
/*!40101 SET CHARACTER_SET_RESULTS=@OLD_CHARACTER_SET_RESULTS */;
/*!40101 SET COLLATION_CONNECTION=@OLD_COLLATION_CONNECTION */;
/*!40111 SET SQL_NOTES=@OLD_SQL_NOTES */;

-- Dump completed on 2025-07-20 16:36:52
